"Lorem ipsum dolor sit amet, consectetur adipiscing elit. Aenean nunc tellus, feugiat et mollis ac, egestas eu enim. Pellentesque non metus at ante facilisis viverra id at massa. Aliquam aliquet ligula lacus. Suspendisse eu purus et dolor feugiat finibus. Mauris in enim vel enim egestas suscipit. Sed justo lacus, rutrum id rhoncus in, eleifend a orci. Aenean sodales augue eros, quis auctor odio tempor vel. Nam mollis eget lorem ut egestas. Pellentesque maximus consequat nibh ut blandit. Aenean sed urna turpis. Praesent id massa arcu. Vivamus cursus luctus convallis. Mauris sem augue, sodales nec scelerisque quis, vulputate eget dui. Duis interdum ante nec euismod auctor. Morbi non gravida erat, eget accumsan orci. Aenean elementum sagittis lacus ac pellentesque."
"Integer facilisis velit nunc, ac congue sem volutpat ac. Aenean vehicula consequat elit, vel laoreet leo volutpat iaculis. Donec lacinia convallis fermentum. Nulla facilisi. Vestibulum dictum augue ipsum, in consequat purus cursus eu. Etiam feugiat lorem id commodo eleifend. Proin laoreet nibh sapien, non fermentum odio eleifend eu. Maecenas mollis ullamcorper risus, eget ultricies neque vehicula convallis."
"Ut a ex nec nunc condimentum pellentesque sit amet id arcu. Praesent non varius ipsum, tincidunt viverra ex. Ut at dolor sit amet urna condimentum pulvinar. Nulla vitae diam tempor, condimentum mauris et, lacinia nunc. Sed sit amet ante ut magna posuere venenatis. Nulla rutrum malesuada quam, ultricies fringilla purus fringilla ac. Duis porttitor tellus vitae tellus imperdiet laoreet. Aliquam vel velit pellentesque, pharetra dui vel, euismod orci. Ut pellentesque luctus mollis."
"Aenean laoreet facilisis lacus a elementum. Cras vitae sapien tincidunt, feugiat arcu sit amet, auctor risus. Praesent pharetra arcu mi, ac malesuada dui venenatis condimentum. Donec molestie, nulla ac vestibulum tincidunt, est orci venenatis est, vel faucibus magna sapien eu eros. Sed hendrerit, mi nec mattis venenatis, metus augue cursus risus, et finibus elit justo non tellus. Duis dictum leo vitae orci mattis suscipit. Nunc ac ultrices sapien, vel tincidunt dui. Praesent dui lorem, sagittis sit amet sapien ac, fringilla finibus eros. Ut consequat, dui non facilisis iaculis, velit tellus pharetra mauris, in ultrices eros leo eu metus. Aenean eu lectus nulla."
"Suspendisse imperdiet massa sed porta ornare. Maecenas vel dictum orci. Pellentesque et velit sapien. Mauris non scelerisque nulla. In hac habitasse platea dictumst. Morbi ut porta massa. Donec quis neque quis ipsum fermentum tempus. Aenean non quam lacinia, imperdiet est nec, cursus nibh. Donec elementum mattis magna, nec varius dui efficitur at. Pellentesque congue sapien iaculis blandit luctus. Nullam feugiat nisi velit, vel tristique est aliquet ut. Sed vitae dolor ultrices, elementum enim vitae, scelerisque enim. Donec convallis lorem ipsum, nec dictum est luctus at."
"Proin convallis est pharetra tellus ultricies, at vestibulum ligula vulputate. Maecenas et scelerisque magna, imperdiet tristique massa. Pellentesque habitant morbi tristique senectus et netus et malesuada fames ac turpis egestas. Quisque id nisi congue, commodo dolor in, volutpat tortor. In rhoncus maximus est eget pharetra. Donec tempor aliquam ipsum, a facilisis erat facilisis sit amet. Donec vestibulum ante sit amet interdum sodales. Pellentesque id purus non purus condimentum viverra. Nullam bibendum sollicitudin facilisis. Aliquam vel fringilla ante."
"Etiam sed mi quis ligula consectetur pellentesque sit amet id leo. Donec ultrices ipsum non enim hendrerit vehicula. Phasellus et blandit dui, eget fringilla velit. Duis et odio at nulla egestas convallis. Fusce malesuada leo id nisl vulputate volutpat quis a quam. Nulla placerat pulvinar porttitor. In hac habitasse platea dictumst."
"Nullam mollis gravida risus, nec suscipit mauris viverra at. Morbi aliquam nunc nec lectus tempor gravida. Phasellus eleifend semper enim eget ultricies. Integer suscipit convallis est, vel commodo augue maximus non. Pellentesque nec lobortis orci, sed pellentesque massa. Integer tempor a leo et pretium. Maecenas a placerat purus. Integer malesuada convallis dolor vel condimentum. Duis ut nisl et lacus vehicula condimentum dapibus ut arcu. Vivamus in neque sit amet tortor pulvinar porta id vitae est. Ut dignissim ligula pharetra arcu consectetur, vel imperdiet libero porta."
"Pellentesque consequat blandit euismod. Vivamus viverra lectus libero, non tempus lacus aliquet ut. Vestibulum non dui nulla. Fusce malesuada sem in porttitor finibus. In viverra vitae orci a venenatis. Fusce condimentum dictum placerat. Nulla facilisi. Maecenas sed ipsum pharetra, bibendum sem in, fringilla diam. Vestibulum et quam condimentum, interdum tortor at, feugiat tellus. Nunc auctor leo et leo commodo, eu scelerisque massa tristique. Pellentesque habitant morbi tristique senectus et netus et malesuada fames ac turpis egestas. Proin interdum turpis ac dui tempus porttitor."
"Duis est risus, dictum ut massa et, ornare mollis arcu. Pellentesque habitant morbi tristique senectus et netus et malesuada fames ac turpis egestas. Nulla eget diam nec ex venenatis tempor vel semper ante. In sed pellentesque magna. Praesent facilisis ultrices ipsum, id sagittis neque. Praesent tincidunt tellus tortor, et condimentum ante aliquet quis. Duis tristique urna at nulla commodo, sed laoreet sapien ultricies. Nam semper quis enim mollis semper. Mauris convallis est tincidunt, semper magna eget, mollis dui. Morbi vitae venenatis mi. Etiam fermentum facilisis volutpat."
"Nunc id purus dui. Integer fermentum libero magna, nec commodo velit facilisis luctus. Cras faucibus orci in cursus elementum. Proin tincidunt egestas malesuada. Sed tristique massa eros, sit amet vulputate magna finibus semper. Nulla rutrum sodales mollis. Maecenas molestie ut orci sit amet mollis. Pellentesque sed urna sed nibh maximus pellentesque. Praesent sed neque nisl. Nulla in libero metus. Praesent ac nunc et nisl pretium elementum. Sed euismod ligula felis, vel finibus risus imperdiet non."
"Ut ut sem ac ipsum dignissim scelerisque. Fusce convallis nec nunc sit amet finibus. Cras vulputate enim quis vulputate tincidunt. Praesent eget lorem nunc. Fusce vel posuere neque. Etiam interdum id sem ut sagittis. Sed egestas scelerisque tristique. Nunc aliquam urna et hendrerit eleifend. Pellentesque sem massa, scelerisque fringilla suscipit vel, feugiat nec enim. In hac habitasse platea dictumst. Ut viverra aliquam tortor non dignissim. Cras dignissim risus eu diam mollis placerat. Nullam volutpat elit eget lorem semper, in lacinia lectus convallis. Curabitur sagittis nulla quis mollis ultricies. Nullam fringilla ligula orci, malesuada fermentum mauris scelerisque id."
"Pellentesque eu justo nec risus euismod pellentesque. Phasellus sed aliquam tortor. Pellentesque eros libero, vulputate at consequat in, placerat vitae augue. Aenean et rutrum felis. Morbi ac nunc ac urna tincidunt accumsan. Curabitur eget mattis purus, convallis commodo est. Nulla pulvinar nibh vel elit blandit iaculis et et lorem. Cras hendrerit molestie nisi id venenatis. Nulla quis fermentum erat. Pellentesque semper consequat viverra. Vestibulum ultricies mi at rutrum finibus. Phasellus finibus lacinia maximus. Nam vitae tellus ut erat laoreet fermentum ut ac neque."
"Nulla fermentum est in purus sollicitudin viverra. Maecenas quis massa varius, tempor purus vel, suscipit erat. Proin diam magna, lobortis id elit a, auctor rhoncus diam. Nam ullamcorper enim eget purus commodo, quis posuere tortor viverra. Aenean porta, odio vitae vestibulum gravida, nisi lacus ultricies tortor, sed efficitur diam nulla in felis. Aliquam erat volutpat. Quisque vulputate nunc id turpis eleifend, egestas convallis sapien luctus. Suspendisse potenti. Vivamus in sem malesuada lacus fermentum scelerisque elementum non velit. Morbi rhoncus tempus fermentum. Aenean posuere maximus pharetra. Aenean auctor in ligula vel pretium. Mauris facilisis condimentum velit sit amet suscipit. Nulla ultrices odio ac turpis porta maximus. Vestibulum gravida a leo consequat dignissim."
"Phasellus scelerisque lectus eu urna lobortis, vel vehicula justo sagittis. Sed bibendum nec ante non pellentesque. Nulla sed arcu quis purus euismod condimentum nec ut dolor. Vivamus sed condimentum tortor. Quisque semper et odio at rutrum. Sed vel eros imperdiet, varius nunc vel, tempor massa. Curabitur ut scelerisque augue, vitae pellentesque eros. Aliquam quis tellus ac nisi auctor aliquam sed et lacus. Praesent posuere in nunc ut consectetur. Vestibulum rutrum ultricies sem, sed laoreet tortor porta at. Cras vestibulum ex eget leo finibus blandit. Nunc semper fringilla nunc non tincidunt. Duis tincidunt felis rhoncus neque eleifend, vel scelerisque enim bibendum. Etiam sodales justo et tortor pellentesque, quis rhoncus nisi iaculis. Aliquam erat volutpat. Integer imperdiet sapien nec nunc fermentum, vitae condimentum ligula hendrerit."
"Phasellus viverra, nisl eu mattis blandit, lacus felis pulvinar velit, ac facilisis lacus ligula at metus. Praesent tempus egestas eleifend. Cras mattis ornare ex semper varius. Suspendisse gravida efficitur massa, vel convallis purus dignissim aliquet. Duis volutpat, metus id luctus feugiat, ligula arcu porttitor quam, in imperdiet nulla sapien in lorem. Sed consectetur pulvinar quam, in gravida erat mollis eget. Curabitur varius lorem vitae arcu convallis bibendum. Vestibulum ullamcorper nisi eu malesuada bibendum. Nullam eu mauris purus. Suspendisse potenti. Suspendisse tortor ante, hendrerit a lorem vitae, facilisis porttitor lacus. Nunc at velit faucibus, ultrices lorem sed, placerat augue."
"Praesent a dolor in odio iaculis vestibulum. Phasellus tempor sapien sed nisl viverra tincidunt. Ut at congue leo, nec vulputate quam. Proin aliquet, diam eget finibus interdum, lorem urna mollis sapien, et viverra leo nulla feugiat risus. Suspendisse vitae rutrum lacus, ac egestas neque. Nunc quis consequat nisl, vel commodo dui. Duis pellentesque arcu magna, vel efficitur libero vehicula maximus. Ut bibendum elementum nulla, non dictum magna auctor at. Pellentesque sit amet tincidunt nisi. Donec quis fringilla est, id dignissim arcu."
"Curabitur eget risus quis massa viverra sollicitudin. Vivamus in lorem varius, consectetur libero in, bibendum ante. Sed et mi augue. Curabitur cursus, magna ut mollis vehicula, nisi lacus tristique felis, vel auctor enim sapien eu nunc. Nulla porttitor viverra lobortis. Orci varius natoque penatibus et magnis dis parturient montes, nascetur ridiculus mus. Nullam et ornare ex, facilisis feugiat metus. Donec cursus hendrerit sapien, quis lobortis leo facilisis quis. Nunc rhoncus cursus blandit. Donec ut ex et ante porttitor dictum et ac lacus. Vestibulum sodales, odio eget ornare volutpat, quam mauris consectetur diam, id sodales libero quam ut est. Sed eget urna ligula. Nulla aliquet eros ac ipsum pretium sollicitudin."
"Ut nec velit quis odio gravida rhoncus sed vitae lectus. Vestibulum ante ipsum primis in faucibus orci luctus et ultrices posuere cubilia Curae; Mauris rutrum fermentum auctor. Ut a diam vel orci vehicula condimentum. Sed a magna imperdiet, malesuada neque vitae, consectetur nibh. Morbi eleifend consequat lectus id malesuada. Aenean ac malesuada nisl. Nunc auctor mollis facilisis."
"Ut quis accumsan ligula. Nam nec consectetur velit. Nulla facilisi. Donec consectetur dapibus augue, quis finibus felis fermentum malesuada. In ullamcorper dignissim aliquam. Sed egestas, tellus eget suscipit semper, tellus nisi tincidunt libero, sit amet pharetra libero mauris vel est. Nunc maximus nunc luctus nibh mattis egestas. Nam porta sodales imperdiet. Suspendisse dictum ipsum vitae ex placerat tristique. Sed pulvinar, metus non placerat blandit, sapien tortor vulputate orci, vel facilisis est purus sit amet sapien."
"Vivamus augue risus, convallis ac iaculis et, interdum quis enim. Nam ullamcorper est et diam gravida dictum. Cras id euismod odio, a euismod ipsum. Pellentesque pharetra odio in lectus eleifend, ac imperdiet mi accumsan. Aliquam a justo auctor, eleifend felis id, volutpat orci. Vivamus scelerisque sapien eget orci interdum, id dictum lectus commodo. Curabitur non lorem lorem. Morbi a fermentum massa, id venenatis arcu. Nam non neque nec lacus vehicula aliquet. Cras efficitur risus eget enim aliquam convallis et nec ante. Quisque sollicitudin aliquet cursus."
"Donec sit amet tempus diam, et laoreet lacus. Integer pharetra, purus id volutpat viverra, nunc ante fermentum urna, pretium ornare nisi sapien tempor libero. Proin tortor quam, sagittis nec ligula sed, sagittis consequat enim. Fusce placerat, odio vitae laoreet semper, tortor diam suscipit ipsum, pharetra posuere velit enim eu orci. Curabitur molestie nunc blandit mauris tempus, sed sollicitudin urna molestie. Proin finibus imperdiet dui, eget scelerisque purus. Donec imperdiet, purus et commodo accumsan, arcu sem malesuada dolor, dapibus accumsan orci ante sit amet ipsum. Mauris laoreet mauris nec est vehicula, eget fringilla massa scelerisque. Morbi porta luctus dapibus."
"Aenean rutrum nec libero sit amet ullamcorper. Donec tempor lacus ipsum, ut consectetur felis ultrices mollis. Etiam nec enim blandit, consequat libero a, porttitor est. Fusce aliquam, tortor non iaculis ultrices, ante massa porttitor ex, in lobortis tellus mi ac eros. Fusce elementum lacus leo, sed efficitur tellus consequat eu. Ut viverra tristique dui, a iaculis velit dignissim eu. Nullam porttitor, sem sit amet consequat malesuada, mauris mi molestie quam, non cursus quam felis sit amet lorem. Fusce ac mattis est. Donec rutrum consectetur ex et convallis. Praesent ac consequat augue. Fusce varius dolor arcu, at aliquam enim semper a. Sed bibendum venenatis leo vitae consectetur. Praesent consectetur ipsum ullamcorper massa volutpat, at finibus turpis cursus."
"Vivamus ullamcorper faucibus urna ut iaculis. Class aptent taciti sociosqu ad litora torquent per conubia nostra, per inceptos himenaeos. Maecenas ullamcorper velit nec orci malesuada porta. Morbi facilisis tempus velit, sed vestibulum arcu hendrerit quis. Aenean at purus quis nisi laoreet vestibulum in in dui. Mauris auctor quis nulla non luctus. In ullamcorper diam felis, a laoreet mauris fermentum et. Nullam varius lacus id eros euismod, in hendrerit eros euismod. Vivamus gravida arcu vitae arcu lobortis, posuere tempor dui consectetur. Proin eu dolor et dolor malesuada malesuada. Pellentesque eros erat, rhoncus eu mattis ac, cursus eget risus. Proin vestibulum metus leo, eget consequat purus facilisis ut. Nullam orci nibh, dapibus a neque quis, cursus rhoncus mauris. Morbi tellus nulla, fermentum sed pretium vel, euismod nec arcu. Sed at sodales nisl."
"Aliquam viverra lorem sit amet odio interdum accumsan. In faucibus nunc dapibus ipsum mattis ornare. Ut ut augue iaculis, aliquam sem eget, dapibus ligula. Vivamus condimentum fringilla dolor eget sollicitudin. Praesent nec condimentum magna. Morbi tincidunt nibh quis justo tempor, vitae dictum orci ultricies. Donec imperdiet justo nec dolor malesuada dignissim sed quis augue. Nullam consequat, orci vitae accumsan tristique, magna nisi euismod turpis, nec mollis elit ipsum bibendum libero. Suspendisse lacinia eleifend dui, quis pellentesque mauris blandit quis. Cras non orci vel neque iaculis feugiat. Morbi urna arcu, efficitur vel felis vel, commodo fringilla turpis. Proin dapibus quis massa ut gravida. Etiam varius urna ipsum, ut porta erat porta et."
"Phasellus sit amet velit at nulla tristique sodales sit amet in libero. Cras condimentum maximus fringilla. Suspendisse posuere diam vel mi ultricies commodo. Vestibulum ante ipsum primis in faucibus orci luctus et ultrices posuere cubilia Curae; Phasellus ut lorem nulla. Aliquam arcu est, auctor sed vestibulum quis, mollis nec urna. Mauris dignissim augue ipsum, ut ultrices nisi rutrum at. Nunc elementum lacus vitae quam rutrum molestie. Duis consequat justo id urna cursus, porta dapibus risus tristique. Ut pretium nisi sit amet urna lacinia, quis placerat ipsum volutpat. Nam quis nunc mi. Integer vulputate, nisl nec fermentum semper, justo dui tempus leo, sit amet porttitor lectus eros vitae lectus. Ut diam lacus, dictum nec lacus nec, venenatis porttitor sapien. Donec ut ante metus."
"Aenean euismod fermentum odio, vitae dictum lectus ornare sed. Nulla facilisi. Nullam pharetra semper libero eget congue. Aliquam ut lectus nec sapien viverra imperdiet. Vivamus tellus nibh, mollis non mauris vitae, tempus interdum tellus. Etiam nec justo ac nisi dapibus venenatis. Mauris ac vulputate purus, non tempor lectus. Sed et mattis risus. Curabitur finibus tortor nec ligula lacinia, nec vehicula nibh accumsan. Pellentesque ac interdum tellus."
"Donec rutrum, lacus non euismod ornare, nunc quam mattis elit, nec scelerisque erat felis id sem. Sed vehicula nulla ipsum, bibendum porttitor sapien efficitur semper. Etiam iaculis justo eu dui commodo, quis dictum eros feugiat. Pellentesque elementum lorem eros, id malesuada elit ullamcorper at. Mauris quis elit faucibus, dictum tortor quis, dictum nisi. Sed dignissim arcu sit amet est gravida bibendum. Mauris quis ex in ipsum eleifend placerat a a dolor."
"Proin sit amet arcu sagittis, molestie nunc ac, iaculis mi. Nulla facilisi. Maecenas vehicula, leo eu rhoncus tempus, enim urna bibendum diam, in pharetra libero felis vel felis. Duis mollis lorem risus, eget consequat leo semper a. Integer hendrerit ante eu nisi vulputate blandit a in velit. Etiam quis lectus nec ligula ultricies aliquam. Nulla facilisi. Morbi magna tortor, dignissim vel libero at, bibendum pulvinar enim. Donec id dolor id ipsum egestas mattis. Fusce ultricies dolor vulputate sem semper sagittis et vitae ligula. Morbi orci lacus, condimentum nec odio in, mollis bibendum ligula."
"Nullam bibendum cursus massa sit amet venenatis. In sed ipsum gravida, tempus ligula a, faucibus neque. Donec porttitor semper aliquam. Nulla fringilla finibus metus vitae euismod. Nulla eu erat sem. Morbi non est arcu. Proin non lectus porttitor libero viverra condimentum elementum id est. Vivamus pellentesque nulla ut augue elementum semper consectetur ac tellus."
"Mauris rhoncus odio elit, nec posuere risus sagittis in. Mauris sed varius turpis, sit amet dignissim nibh. Ut ac rutrum nisl, eu ornare tortor. Vivamus malesuada nulla condimentum elit aliquet, quis posuere nunc vehicula. Vivamus blandit iaculis rhoncus. Proin sit amet velit vulputate, interdum neque non, commodo nisi. Quisque in nibh tempor, venenatis massa quis, bibendum lacus. Donec nec nibh aliquam, rutrum justo fermentum, viverra magna. Sed sed augue mattis, faucibus mauris in, dapibus erat. Praesent arcu nibh, lobortis a odio et, sodales mattis lectus. Fusce nec suscipit nisi. Mauris ac purus scelerisque, varius erat a, tristique sapien. Etiam luctus tempus est, vestibulum porta justo commodo mattis."
"Pellentesque pulvinar tincidunt congue. Sed pretium justo non ipsum commodo, in laoreet tortor sagittis. Cras sem turpis, consectetur eu dolor vitae, ultrices ornare dolor. Integer quis nisl non elit elementum ultrices. Etiam condimentum tempus erat, non congue tortor rhoncus in. Morbi in est ut justo porta convallis eu eu lacus. Sed volutpat vel elit vitae dictum. Vivamus vel justo velit."
"Nam nec erat sapien. Cras eget commodo sapien. Quisque congue ligula vel arcu bibendum porttitor sed a arcu. Morbi sodales tincidunt metus, vitae fermentum tortor sagittis at. Ut sit amet dui nec eros feugiat vulputate et et sem. Curabitur fermentum est fermentum, accumsan magna ut, venenatis ligula. Nulla a enim pretium arcu posuere ultricies a eu est. Nulla neque quam, consequat id nisi nec, dignissim accumsan lectus. Suspendisse laoreet, lacus gravida eleifend porta, nisi dui venenatis sem, vel sollicitudin nunc ex in sapien. Nam ac elit placerat, mattis odio eu, vehicula ante. Vivamus vitae scelerisque sem, non facilisis mauris. Mauris lobortis metus sit amet eros pellentesque porttitor. Aliquam erat volutpat."
"Duis vel tristique justo. Sed posuere efficitur urna, tristique congue nulla porttitor eu. Nullam venenatis arcu vel mauris ultricies tempor. Nam ac sem congue, mollis dui et, pharetra nulla. Maecenas scelerisque ante sit amet nulla fermentum pretium. Nam semper a sapien et vehicula. Praesent vel massa feugiat orci faucibus posuere non rhoncus felis. Proin aliquam ante non neque hendrerit, id maximus metus euismod. In commodo, tellus vel sollicitudin ultricies, mi velit tincidunt sem, nec mollis nunc lectus ac lectus. Maecenas a sagittis neque, quis luctus diam. Morbi ac varius ligula. Etiam a velit sed elit bibendum sagittis sit amet finibus quam. Interdum et malesuada fames ac ante ipsum primis in faucibus. Fusce ac nulla tellus."
"Ut eu mauris ante. Curabitur vitae augue viverra massa condimentum porta et in libero. In euismod dolor in elit lacinia aliquam. Integer eu metus ut sapien suscipit molestie. Proin elementum turpis libero, nec lobortis diam malesuada eu. Nam elit sapien, blandit nec justo vitae, finibus pellentesque dui. In congue, lacus at sollicitudin mattis, metus dolor pulvinar dui, et faucibus magna augue tristique augue. Aenean posuere eros ac est elementum volutpat. Donec facilisis gravida arcu sit amet aliquet. Nulla facilisi. Donec mollis gravida porttitor. Donec dapibus faucibus mi, nec tempor elit sodales sed. Aenean pulvinar mauris ex, ac viverra massa lacinia et."
"Vestibulum dictum nibh purus, a luctus ante malesuada quis. Nullam tempor nunc ac lorem pulvinar dapibus. In neque elit, iaculis et imperdiet a, hendrerit sed nulla. Aenean a eros in risus ultricies accumsan non id dolor. Nullam pulvinar vulputate nibh, eget iaculis arcu vestibulum et. Aenean turpis arcu, vulputate vel elementum eu, sollicitudin at enim. Nam ultrices iaculis nulla, at rutrum metus sagittis eu."
"Donec vehicula, tellus non dictum auctor, nisi libero rutrum lorem, et pretium metus magna placerat ex. Morbi ullamcorper nunc mauris, id commodo neque aliquam at. Vivamus vel tellus vel ligula scelerisque bibendum at ut massa. Interdum et malesuada fames ac ante ipsum primis in faucibus. Donec at finibus magna. Orci varius natoque penatibus et magnis dis parturient montes, nascetur ridiculus mus. Morbi porttitor cursus dui vel facilisis. Nulla suscipit libero magna, vel viverra massa molestie at. Sed hendrerit urna leo, eget pharetra turpis molestie laoreet. Nullam eu sodales massa, eu bibendum tortor. Mauris tincidunt lacus tortor, id laoreet libero iaculis vel. Etiam euismod egestas facilisis."
"Vivamus nunc turpis, tincidunt nec auctor sed, sagittis eu dui. In hac habitasse platea dictumst. Mauris pharetra metus id velit elementum, id tincidunt nisl gravida. Phasellus ac finibus elit, consectetur feugiat leo. Vestibulum turpis lacus, vehicula tristique aliquet in, rutrum sed felis. Vestibulum maximus metus at augue blandit rutrum. Phasellus sit amet erat sit amet risus elementum interdum. Nullam vulputate pharetra scelerisque. Aliquam erat volutpat."
"Nulla egestas ut nisi dictum tempor. Quisque non rhoncus elit, vitae consequat elit. Donec mauris nisl, finibus vel posuere sit amet, dapibus efficitur enim. Morbi sed porttitor nisl. Suspendisse venenatis leo in felis maximus, id consequat tortor mollis. Fusce nibh purus, tristique a malesuada sed, placerat eu enim. Suspendisse suscipit magna et porttitor imperdiet. Cras non posuere orci, vel fermentum urna. Praesent id enim eleifend, varius mauris in, porta leo. Mauris ornare, nisl quis tempus fringilla, neque est commodo sapien, a facilisis felis lacus a justo. Curabitur lobortis nulla et sapien blandit elementum. Mauris vestibulum ultrices mi, at pulvinar enim. Donec consequat nibh urna, a facilisis sapien porta sit amet. Donec a lorem nibh. Suspendisse non justo in nibh interdum vulputate."
"Praesent massa nisl, tempus in gravida sit amet, egestas gravida purus. Donec faucibus nunc at neque posuere, ut porta lectus dignissim. Donec placerat efficitur blandit. Proin nec mi sed diam vulputate semper at nec dui. Aliquam lacinia rutrum accumsan. Curabitur non ultricies est. Etiam finibus laoreet dolor at laoreet. Etiam a tempus augue. Aenean eu dui non urna feugiat vehicula. Phasellus sodales sed eros in hendrerit. Sed ac pellentesque lacus. Ut elit ex, ornare at nisi nec, congue congue velit. Nullam condimentum egestas ligula vitae porta. Morbi vestibulum ante eget magna consectetur, eu ornare sapien porta."
"In cursus mi vel tempus scelerisque. Etiam ante risus, semper sed nulla sit amet, fringilla mollis nulla. Sed luctus, enim sed tempus imperdiet, metus diam pharetra risus, nec mollis quam justo sed nibh. Aliquam laoreet accumsan mauris, ac suscipit dui interdum eu. Maecenas imperdiet fermentum lectus, eu venenatis quam sollicitudin vitae. Maecenas quam justo, egestas in leo ac, volutpat egestas neque. Morbi luctus consectetur luctus. Quisque venenatis justo in arcu dictum, ac mollis enim tempor. Suspendisse at erat auctor, mollis nibh nec, eleifend mauris. Praesent vulputate volutpat ante. Quisque porttitor, orci a malesuada gravida, orci augue eleifend augue, sit amet efficitur augue nibh et turpis."
"Duis sem urna, tempor sed mauris vel, viverra mattis velit. Phasellus ut ultricies quam. Phasellus placerat pharetra tincidunt. Pellentesque posuere, neque nec congue congue, eros orci sodales sem, in tincidunt enim tortor ut velit. Nullam in ultricies est. Suspendisse tincidunt nunc ac lorem congue vulputate in eget mauris. Etiam rutrum tellus turpis, eget pellentesque lacus finibus id. Morbi consequat lectus quis euismod facilisis."
"Nulla a justo ex. Nulla in sapien urna. Vestibulum ante ipsum primis in faucibus orci luctus et ultrices posuere cubilia Curae; Maecenas euismod elit ac lorem vulputate condimentum. Aenean id mauris ac tellus blandit fermentum. Morbi placerat nisi elementum nisi vulputate, pharetra rutrum nulla facilisis. Integer id aliquam ex."
"Aliquam vitae lorem tempor, dapibus lorem non, gravida metus. Duis auctor auctor ex, sed dapibus dolor condimentum id. Nullam fermentum quam eget augue vehicula aliquet id in lectus. Nullam nec eros vel justo semper varius. Integer quis maximus justo. Nulla pellentesque sodales nisl, ac efficitur augue ornare nec. Pellentesque ut laoreet mauris."
"Sed eu tortor maximus, vestibulum quam accumsan, scelerisque nibh. Ut pulvinar ligula consectetur, porttitor justo sed, sodales nunc. Vestibulum cursus metus ac turpis tincidunt auctor eu nec dui. Sed ac convallis nisi. Etiam molestie commodo consectetur. Phasellus ullamcorper elit ut nisl iaculis rhoncus. Aliquam sapien nulla, interdum dignissim velit vel, laoreet sodales nunc. Nam augue lectus, ornare a justo sed, viverra sollicitudin dui. Etiam rhoncus ipsum eget molestie commodo. Nam eget efficitur metus. Quisque ex ex, condimentum vel finibus egestas, pretium sed turpis. Cras in orci et est laoreet rutrum. Phasellus scelerisque efficitur venenatis. Aenean imperdiet quam vel viverra blandit."
"Sed lectus nulla, pellentesque vitae lacus maximus, pellentesque sagittis urna. Morbi felis risus, tristique ut dictum a, ullamcorper in quam. Proin pellentesque sagittis velit, nec aliquam tellus luctus nec. Proin sodales vitae nisl in pellentesque. Morbi a ante feugiat, lacinia mi id, egestas risus. Fusce volutpat gravida diam. Class aptent taciti sociosqu ad litora torquent per conubia nostra, per inceptos himenaeos. Integer malesuada molestie ligula, eget convallis eros consequat eget. Nulla in rutrum dui. Duis laoreet justo at sodales scelerisque. Vivamus commodo varius viverra. Morbi sagittis justo consequat justo sollicitudin porttitor. Vivamus pretium suscipit lectus nec consectetur. In id est in mauris varius tempor."
"Aliquam mollis sit amet dui ut cursus. Quisque eu risus nec nisl tempus dictum pulvinar id lorem. Ut pulvinar quis arcu sed feugiat. Sed imperdiet lacus sit amet ante varius fermentum nec at ipsum. Duis eu fermentum magna. Vivamus a lorem nisl. Fusce tristique est velit, sit amet congue magna venenatis a."
"Vestibulum scelerisque tellus vel erat bibendum lobortis. Integer feugiat, purus at maximus convallis, urna odio tincidunt leo, at vulputate libero metus a mi. Proin iaculis blandit quam, eu vulputate quam iaculis ut. Nam sed libero in ante dapibus mattis. Maecenas et augue at purus pellentesque iaculis sed at ex. Cras semper ante turpis, imperdiet rhoncus est dignissim sit amet. Maecenas nec arcu justo. Aliquam non risus dolor. Cras eget vehicula erat. Pellentesque habitant morbi tristique senectus et netus et malesuada fames ac turpis egestas. Suspendisse sodales cursus elementum. Cras maximus consequat dolor."
"Aliquam eu augue id massa fringilla gravida sed a est. Quisque lobortis libero quis pulvinar consequat. Nunc vitae consequat urna. Vestibulum faucibus dui est, posuere malesuada augue fringilla ut. In non dui id erat semper vestibulum. Sed elementum metus ac justo tempus dignissim. Vivamus id ipsum mi. Mauris at tincidunt ligula, et pretium massa. Maecenas vitae rutrum erat, ullamcorper lobortis mauris."
"Pellentesque habitant morbi tristique senectus et netus et malesuada fames ac turpis egestas. Donec metus lectus, bibendum a sapien et, facilisis sollicitudin neque. Praesent mattis condimentum cursus. Suspendisse non feugiat arcu. Nunc a felis sed lorem tempor tristique id non leo. Maecenas tempus sapien velit, ut luctus erat dictum et. Nullam sed nunc in felis lacinia ultrices vel eget nisi. In hendrerit lorem vitae consequat dignissim. Vivamus in consequat libero. Quisque sagittis bibendum arcu, nec porta nisl cursus sed."
"Quisque quis mollis ex. Aliquam sed nisl nisl. In porta aliquam convallis. Curabitur semper elit tortor, sit amet sagittis ex finibus ac. Nam nec lorem eu turpis faucibus rhoncus quis eget massa. Sed id nunc euismod felis luctus fringilla mollis quis odio. Aenean sagittis maximus fermentum. Duis scelerisque ligula sit amet ipsum fermentum placerat. Nulla sagittis auctor est, vel volutpat justo porta a. Sed feugiat, nibh aliquet vehicula feugiat, nunc tortor dapibus metus, vulputate accumsan nisl risus at sem. Cras dictum posuere tincidunt. Nam congue ullamcorper risus, ut venenatis turpis faucibus in. Nulla id nulla eget justo vulputate pellentesque in vel nulla. Class aptent taciti sociosqu ad litora torquent per conubia nostra, per inceptos himenaeos. Phasellus mauris velit, dapibus vitae nulla eu, facilisis rutrum urna."
"Curabitur hendrerit lectus ligula, quis finibus turpis placerat in. Nullam volutpat, massa non commodo blandit, diam enim commodo neque, quis vulputate ex nibh non augue. Nunc rhoncus velit varius, mattis purus eget, gravida enim. Nam laoreet tellus nulla, et varius sem sollicitudin et. Curabitur egestas tortor maximus, iaculis felis in, dapibus purus. Lorem ipsum dolor sit amet, consectetur adipiscing elit. Suspendisse pretium neque id velit semper, vel congue tellus fermentum. Sed eu augue finibus, feugiat erat nec, lacinia ex. Pellentesque a facilisis risus, a tincidunt justo. Sed pretium leo non elementum aliquam."
"Fusce at tincidunt massa, pretium vestibulum ipsum. Fusce sagittis pharetra lectus non sollicitudin. Mauris feugiat nulla nisi, sed posuere magna dapibus eget. Pellentesque nibh massa, lacinia quis sollicitudin eget, ullamcorper et neque. Nunc nisi quam, euismod eu dui nec, auctor sollicitudin erat. Mauris sagittis et lorem ut pharetra. Phasellus mollis pellentesque nulla, vel bibendum dui sodales id. Curabitur lacus tellus, condimentum eget aliquet ac, tincidunt eget arcu. Mauris felis ipsum, commodo nec massa eu, mattis tempor metus. Aliquam interdum quis tortor sed posuere. Nulla egestas metus nibh, sit amet dapibus odio vehicula sed. Mauris eu elit vel libero fringilla rutrum a placerat mauris."
"In non eros convallis, aliquet lacus eu, commodo magna. Fusce sodales laoreet diam nec tempus. Integer at pellentesque lacus. Sed elementum, leo et sagittis hendrerit, orci odio cursus sapien, ac tincidunt est libero non magna. Cras consectetur diam tortor, vel venenatis eros iaculis quis. Donec cursus eros eu commodo efficitur. Suspendisse ac justo a libero dapibus suscipit ut eu mauris. Vestibulum molestie aliquam massa, at tincidunt nunc placerat nec. Cras lacinia arcu ut tellus facilisis venenatis. Nunc maximus auctor eros a feugiat."
"Suspendisse semper, arcu ac faucibus mattis, purus magna venenatis felis, a porta dui metus eget nibh. In varius leo eget neque tristique tempor. Suspendisse ullamcorper vitae felis ac elementum. Ut sed metus eu odio convallis varius non quis leo. Duis quis diam vitae mi venenatis dignissim. Mauris egestas leo eu fermentum maximus. Nulla dolor neque, gravida sed velit non, dictum cursus tellus. Interdum et malesuada fames ac ante ipsum primis in faucibus."
"Aenean sed euismod felis. Nulla hendrerit molestie tellus, id pellentesque ex sagittis ut. Suspendisse potenti. Duis nisl neque, lacinia vitae ultricies eu, scelerisque in ipsum. Donec consectetur nisl sit amet sapien tempor, eu dignissim turpis elementum. Fusce varius ex porttitor mattis molestie. In egestas blandit lacinia. Sed lobortis nec metus vulputate interdum. Nunc pharetra, elit non bibendum pharetra, ligula arcu commodo odio, egestas convallis ex libero sed lorem. Donec ultrices tincidunt semper. Orci varius natoque penatibus et magnis dis parturient montes, nascetur ridiculus mus. In eget magna dignissim nibh venenatis sodales id quis elit. Suspendisse potenti. Phasellus ac dolor in velit volutpat auctor eget id enim."
"Maecenas ac laoreet est. Duis rutrum sem a risus imperdiet, vel malesuada diam varius. Morbi dapibus efficitur nisi, ut finibus purus rhoncus at. Cras tristique varius erat et accumsan. Fusce sit amet luctus ipsum, feugiat cursus tellus. Nulla scelerisque mattis libero, vitae dignissim lectus feugiat non. In euismod risus at nulla laoreet, at elementum eros tempor. Nullam aliquam turpis dolor, non lobortis arcu luctus viverra. Etiam pretium vehicula odio id vestibulum. Donec sagittis, diam eget efficitur sodales, libero massa tristique odio, vel pharetra sapien massa in massa. Fusce scelerisque tortor vitae aliquet ultrices. Nunc mattis ante lacus. Sed eleifend ultrices rutrum. Nulla facilisi. Proin mollis nibh ac ex sagittis scelerisque."
"Cras a rutrum est. Curabitur nec mi aliquam, ultricies purus tristique, elementum quam. Sed et diam augue. In sit amet congue ipsum. Duis et mi nec sem pharetra porta nec at mi. Quisque non lorem orci. Nam consequat non nisi a tincidunt. In hac habitasse platea dictumst. Nullam eu metus at leo auctor sollicitudin. Class aptent taciti sociosqu ad litora torquent per conubia nostra, per inceptos himenaeos. Nullam tincidunt, eros sed tincidunt gravida, nulla tellus cursus mi, vel sollicitudin massa nunc vel libero. Proin feugiat, odio et tristique pharetra, eros lectus tempor nunc, nec vulputate turpis diam nec massa. Praesent maximus quam vel tellus vestibulum venenatis. Cras nulla enim, dapibus quis metus vitae, consectetur fermentum urna. Sed ut sem eu ipsum consectetur vehicula."
"Morbi semper finibus dui, ut sagittis velit egestas quis. Etiam nec justo vitae velit euismod interdum. In tempus mi in condimentum dignissim. Quisque dignissim elit ac vulputate consectetur. Donec elit est, condimentum in justo eu, euismod imperdiet justo. Ut id nibh non quam efficitur fringilla ut at felis. Aenean varius scelerisque dolor, eget maximus enim condimentum ac. Vivamus in nunc ex. Sed nec condimentum elit. Maecenas eu purus a augue porttitor facilisis."
"Praesent non rutrum odio. Sed lacinia ipsum lorem, sit amet tristique diam tristique a. Etiam aliquam nec magna sit amet tincidunt. Cras ut leo finibus, dapibus lorem a, volutpat ligula. Vestibulum ante ipsum primis in faucibus orci luctus et ultrices posuere cubilia Curae; Duis a auctor odio. Quisque consequat eu lectus eget ultricies. Nullam et magna ultrices, pulvinar magna nec, sodales elit. Nulla nunc nisi, feugiat vel lorem sit amet, venenatis efficitur tortor. Nam eu lacinia neque, viverra interdum tellus. Curabitur est tortor, sollicitudin ac lorem nec, mattis pharetra justo. Phasellus sed lacus convallis, molestie purus sit amet, vulputate velit. Donec et luctus mauris. Integer sollicitudin massa nunc, non luctus libero sodales sit amet. Morbi finibus rutrum pulvinar."
"Praesent sed justo felis. Morbi rutrum, justo eu finibus placerat, velit dui consequat ligula, in congue metus sapien non tortor. Quisque libero turpis, ornare quis quam eget, consequat maximus urna. Ut nulla lorem, ornare nec orci sed, ullamcorper aliquet felis. Sed nisl velit, pulvinar nec nisi sit amet, vestibulum pulvinar augue. Nunc quis quam blandit, gravida nibh ut, convallis orci. Maecenas finibus congue felis at ornare. In hac habitasse platea dictumst. Sed sollicitudin dolor mattis, tincidunt diam eget, fringilla ipsum. Quisque tellus justo, varius nec finibus ac, blandit et mauris. Donec quis odio hendrerit, mattis mauris id, auctor eros. Donec et lobortis metus, id venenatis nulla. Donec dictum vel elit pharetra sodales. Cras vel pellentesque ante. Class aptent taciti sociosqu ad litora torquent per conubia nostra, per inceptos himenaeos."
"Sed est orci, mattis at condimentum ut, blandit sit amet lectus. Ut sit amet nibh scelerisque massa tristique malesuada. Etiam dictum libero eu ullamcorper finibus. Curabitur at condimentum massa, sit amet elementum massa. Phasellus fermentum felis sed convallis tincidunt. Donec elementum condimentum leo. Maecenas viverra quam eu luctus varius. Mauris pellentesque laoreet sodales. Pellentesque sagittis vehicula pretium. Nulla sed nunc non enim accumsan convallis eget sed turpis."
"Fusce pellentesque scelerisque orci, non gravida tortor mollis sed. Sed at gravida urna. Morbi pellentesque, sem pulvinar fringilla molestie, erat enim vestibulum sem, sed dictum tellus mi in purus. Curabitur pellentesque urna non tellus rutrum, ac accumsan orci luctus. Vivamus sit amet nulla id diam sodales imperdiet. Integer tristique elit dui, eu viverra diam cursus eu. Quisque finibus eros diam, a convallis nibh dictum volutpat. Nam arcu dolor, sodales nec justo non, commodo dapibus tellus. Praesent pulvinar, nibh ac vestibulum semper, neque ligula porta dolor, vel finibus urna dui eget arcu."
"Vestibulum posuere lacinia mattis. Vivamus non dui dapibus, faucibus ex nec, maximus velit. In eget rhoncus dolor, nec vestibulum ipsum. Donec eleifend, justo in posuere condimentum, tortor tellus accumsan nisl, pellentesque maximus elit odio eu sapien. Duis blandit, purus at mattis pretium, massa turpis porta tellus, vel luctus lectus erat at urna. Morbi sed finibus enim. Nam malesuada augue ut molestie hendrerit. Nunc vel nisi quis dolor volutpat pharetra. Duis pharetra pretium sapien id blandit. Nullam pharetra nulla a suscipit fermentum. Fusce eget lectus risus."
"Pellentesque malesuada nunc suscipit porta ultricies. Praesent placerat justo nec sapien varius, id fermentum nulla viverra. Maecenas rhoncus id nisi nec vulputate. In dignissim convallis mi vitae iaculis. Nullam urna nibh, posuere eu hendrerit quis, fermentum vel nisl. Lorem ipsum dolor sit amet, consectetur adipiscing elit. Phasellus sagittis bibendum odio ac pharetra. Proin pretium dolor quis orci placerat, ut tincidunt quam varius. Nulla molestie pulvinar ultricies. Curabitur convallis, nisl non varius volutpat, libero lorem blandit eros, eu eleifend risus urna sed mauris. Aenean at euismod purus. Nullam consectetur tortor sed quam laoreet pharetra. Pellentesque habitant morbi tristique senectus et netus et malesuada fames ac turpis egestas. Nunc ullamcorper tortor at nisl egestas, in dictum mi feugiat. Nunc sit amet lectus sed lacus pharetra malesuada at sed augue. Nulla sodales venenatis erat ac ornare."
"Mauris sed lectus condimentum, feugiat risus sit amet, consequat elit. Sed sollicitudin, justo non tincidunt tristique, nisl libero convallis metus, ac feugiat augue odio id arcu. Etiam efficitur venenatis massa ac tristique. Mauris aliquam augue sodales lectus sodales pharetra. Nunc porta, urna et vulputate auctor, mauris metus sodales nunc, euismod pretium purus ipsum ut magna. Duis dictum arcu nec lectus accumsan, non imperdiet nisi malesuada. Aenean nec neque lorem. Quisque volutpat rutrum neque vel maximus. Suspendisse mattis cursus risus, vitae sollicitudin justo viverra a. Pellentesque finibus commodo arcu vel fringilla. Vestibulum ante ipsum primis in faucibus orci luctus et ultrices posuere cubilia Curae; Sed vitae massa orci."
"Nulla hendrerit orci sit amet est pharetra euismod. Morbi blandit tortor turpis, in suscipit justo pretium quis. Donec ullamcorper quam sed metus volutpat dapibus. Ut ut leo in metus lobortis varius. Ut finibus est a lectus accumsan varius. Vivamus eleifend nisl nec augue accumsan, nec consectetur erat egestas. Donec sit amet ipsum ex. Nam condimentum ante sollicitudin, venenatis lectus id, malesuada lorem. Cras ac vulputate ligula. Vestibulum quis malesuada nulla, ut tempor tellus. Vestibulum vitae tincidunt orci."
"Fusce interdum elementum risus. Ut fermentum hendrerit massa, volutpat feugiat metus tincidunt non. Praesent eget gravida elit. Pellentesque sit amet eros sit amet quam pharetra accumsan malesuada ac justo. Quisque scelerisque sodales risus vel blandit. Sed vitae felis tortor. Etiam consequat ipsum eget sapien eleifend, eget faucibus nunc placerat. Lorem ipsum dolor sit amet, consectetur adipiscing elit. Morbi ultricies vulputate interdum. In placerat diam nunc, et dictum justo tincidunt quis. Aenean vestibulum cursus risus vitae tincidunt. Suspendisse nec pharetra turpis. Maecenas eleifend augue nunc, ut laoreet ipsum volutpat id. Morbi ultrices erat felis, in pretium massa sodales ut. Nam elementum id ex a convallis."
"Duis at porttitor leo, eu sodales nunc. Cras sollicitudin nulla et erat vehicula egestas. In hendrerit ligula felis, sit amet viverra mauris accumsan eu. Vestibulum arcu risus, maximus a imperdiet vitae, rhoncus non turpis. Nam iaculis ornare lectus eu dignissim. Nunc et sapien a sem mollis efficitur. Donec in neque aliquet orci laoreet pulvinar. Integer tortor odio, laoreet vel varius eu, aliquet sed libero. Vestibulum consectetur, urna at vehicula gravida, augue tellus malesuada enim, vel blandit lectus felis sed leo."
"In ac augue massa. Cras sit amet neque fringilla, commodo lectus quis, aliquet orci. Pellentesque malesuada dui sit amet blandit venenatis. In hac habitasse platea dictumst. Ut eget ex sit amet massa aliquet bibendum ac vel felis. Curabitur pretium urna justo, id hendrerit elit sodales sed. Vivamus laoreet porttitor risus non rutrum. Aenean gravida luctus sem nec volutpat. Duis luctus quis ligula a cursus. Sed tristique mi at est lobortis, non vehicula purus scelerisque."
"Praesent bibendum massa nibh, eget convallis lectus tincidunt in. Mauris cursus augue a est rutrum, nec consequat tortor fringilla. Nam iaculis ex eu enim tristique posuere. Fusce eget arcu felis. Nunc rutrum, ipsum vitae tristique sollicitudin, arcu ante sagittis enim, eu laoreet quam tellus nec neque. Nulla facilisis leo vel diam cursus, a eleifend mi malesuada. Pellentesque luctus ornare sodales. Phasellus ultricies, nisl sed maximus condimentum, metus lorem luctus urna, nec ultrices ante diam vitae lacus. Duis feugiat nulla sit amet porttitor suscipit. Nullam sed tincidunt ante, maximus maximus metus."
"Sed non dictum mauris. Vestibulum a sem quis diam cursus pulvinar. Etiam mollis mauris id purus iaculis, sit amet consectetur odio auctor. Maecenas viverra dapibus arcu ac viverra. Nam fermentum turpis in luctus suscipit. Quisque nisl nisi, elementum eget tincidunt nec, feugiat sit amet ante. Nunc mattis elementum elementum. Morbi dapibus enim ut nibh sodales, a tincidunt lectus pretium. Etiam vel sem ut erat tristique fermentum quis tempor mi. Vivamus sollicitudin feugiat quam, id sollicitudin risus euismod tincidunt. Praesent mauris est, suscipit maximus turpis vestibulum, maximus malesuada erat. Mauris fermentum massa in odio sodales, non tristique neque sollicitudin. Suspendisse potenti. Aenean id tincidunt magna. Vestibulum ante ipsum primis in faucibus orci luctus et ultrices posuere cubilia Curae;"
"Sed accumsan ipsum in nisi efficitur lobortis. Nullam ut efficitur sapien, at finibus eros. Maecenas nulla ex, tempus vel lobortis a, interdum in justo. Pellentesque purus lectus, aliquam dignissim nisl id, volutpat convallis arcu. In porta eu sapien ut porttitor. Etiam sit amet molestie justo, vel hendrerit felis. Sed velit enim, mattis ut sollicitudin dictum, blandit condimentum tellus."
"Pellentesque elementum nisl tempor, facilisis enim sed, lobortis risus. Donec ut sem velit. Quisque posuere quam vitae vehicula ultrices. Lorem ipsum dolor sit amet, consectetur adipiscing elit. Donec in dictum nunc. Nullam non ultricies lacus. Duis sed malesuada justo, vitae sodales metus. Maecenas congue, velit ac vestibulum tristique, lorem velit varius augue, vitae mattis neque felis quis dolor. Ut faucibus feugiat ligula. Sed id auctor arcu, vel volutpat metus. Pellentesque lacinia neque at metus aliquet, id bibendum metus fringilla."
"In ac ex non dolor eleifend tempor. Praesent erat erat, mollis ut egestas id, commodo at urna. Duis sed felis velit. Morbi maximus odio elementum dolor finibus, sit amet efficitur ligula congue. Maecenas mattis, sapien id imperdiet sollicitudin, felis odio accumsan est, id aliquet metus odio ac massa. Nam ultricies orci eu lectus tincidunt, sed fringilla nulla facilisis. Vivamus id mauris facilisis, dapibus mi a, rhoncus dolor. Integer neque mi, tincidunt a massa eu, volutpat mattis nibh. In sed vehicula augue. Morbi vestibulum in libero ac pretium. Pellentesque pharetra fermentum nibh, consectetur vulputate ante euismod et. Ut euismod, ante eget porta imperdiet, dui odio sollicitudin orci, ut dignissim leo velit eu nunc. Vestibulum faucibus sollicitudin magna sed placerat."
"Integer eleifend neque erat, id bibendum leo pellentesque eu. Etiam dignissim metus et vulputate sagittis. Mauris in malesuada nisi. Duis eleifend lorem in pulvinar bibendum. Nullam varius rhoncus malesuada. Donec et sollicitudin nisl. Nulla ante sapien, interdum et rhoncus et, tempor non tortor."
"Praesent id efficitur nisl, blandit ultricies nisl. Quisque scelerisque egestas varius. Etiam eu gravida libero, sed luctus lectus. Nulla convallis semper volutpat. Proin ac justo id lorem tempor dapibus. Maecenas condimentum molestie odio sed luctus. Vestibulum ante ipsum primis in faucibus orci luctus et ultrices posuere cubilia Curae; Donec egestas mauris sed libero rhoncus congue. Sed gravida convallis ligula, sit amet dignissim urna posuere nec. Nulla gravida est et vehicula tempor. Morbi laoreet quis lorem rhoncus hendrerit."
"Morbi vitae nisl vel nunc egestas ornare. Morbi ultricies sit amet est fermentum vehicula. Maecenas luctus ornare massa, ut pharetra augue iaculis ac. Cras egestas mi at pretium finibus. Donec nec egestas nibh, vel semper sem. Nam at nisl euismod magna luctus egestas quis vitae turpis. Donec venenatis elit felis, nec molestie massa laoreet quis. Etiam consequat sodales elementum. Fusce eget tortor eleifend dolor condimentum porttitor. Donec et tortor sit amet lectus accumsan pharetra vel vitae felis. Integer gravida tempus eros sit amet aliquet. Quisque id nulla neque. Quisque gravida ornare diam, et pellentesque lacus. Nam tristique, odio vitae mattis tincidunt, nulla arcu ullamcorper lectus, vitae lobortis nibh sem vitae ex."
"Aenean nec vulputate lectus. Donec semper commodo tempus. Nunc dignissim neque libero, vitae rutrum tortor vulputate quis. Phasellus nisi ipsum, rhoncus id neque eu, euismod fermentum augue. Proin faucibus molestie justo, ut tempus eros condimentum ut. Suspendisse sit amet mollis erat, vel placerat tortor. Fusce sit amet feugiat sem. Pellentesque habitant morbi tristique senectus et netus et malesuada fames ac turpis egestas. Morbi finibus dui at vulputate lacinia. Phasellus luctus libero sodales convallis vehicula. Maecenas viverra velit id mollis efficitur. Donec semper in purus at eleifend. Donec ac ante dapibus, convallis metus sed, imperdiet massa. Integer metus diam, maximus a neque accumsan, commodo viverra nisi."
"Suspendisse fermentum, felis quis iaculis cursus, urna purus efficitur erat, ac rutrum mi turpis quis sem. Integer vel sapien bibendum, euismod enim in, scelerisque justo. Aliquam at turpis egestas, varius quam eu, faucibus neque. Phasellus pharetra eros luctus enim finibus, quis sodales augue eleifend. Etiam ac ex tortor. Nulla eget elit odio. Praesent ac dictum felis. Pellentesque id lorem accumsan, hendrerit arcu quis, ornare est. Nullam molestie lobortis iaculis. Nam posuere turpis vitae dui tempus tempus. Nunc hendrerit non enim eget efficitur."
"Ut imperdiet eros feugiat, rhoncus nisi eget, hendrerit tellus. Nunc vel nunc vestibulum mi feugiat posuere. Aenean ultricies quam mauris, eu placerat velit laoreet ac. Morbi tempus id lectus vitae pellentesque. Proin auctor orci volutpat risus pulvinar suscipit. Ut pellentesque est laoreet malesuada accumsan. Nam viverra magna non sapien imperdiet, vel hendrerit est efficitur."
"Fusce consequat placerat luctus. Cras justo nisi, molestie quis erat vitae, tincidunt vehicula lorem. Fusce at viverra justo. Duis in commodo mi, luctus imperdiet ipsum. In eget vestibulum eros. Cras molestie ut nunc vitae aliquet. Ut in cursus magna. Integer malesuada finibus neque, quis luctus tellus maximus eu. Morbi sagittis arcu imperdiet tempor bibendum. Vestibulum ac dapibus nisl."
"Nulla viverra, justo eu vulputate tristique, sem dolor ullamcorper libero, et hendrerit risus sem non turpis. Praesent vitae pharetra dolor, vel viverra velit. Ut sed efficitur sapien, non iaculis urna. Nullam cursus, leo ac bibendum lacinia, neque risus condimentum mi, vel maximus dui urna at dui. Morbi ut dapibus tortor. Suspendisse mollis posuere neque, at venenatis arcu efficitur non. Fusce quis justo euismod, faucibus dui eu, tincidunt nulla. Ut nisi sapien, varius vel euismod eget, aliquam et turpis. Duis sed dapibus massa. Curabitur at convallis nibh. In urna felis, tempor ut ornare laoreet, vehicula vel nibh. Curabitur nunc risus, blandit ac aliquet sed, dictum vitae est. Integer mollis eros eu nibh placerat, vel pellentesque nulla ultrices. Vivamus sed sapien varius, varius erat nec, tempus lacus."
"Vestibulum ante ipsum primis in faucibus orci luctus et ultrices posuere cubilia Curae; Etiam maximus metus tempor felis posuere, at pharetra ex ultrices. Vivamus condimentum sagittis lectus, efficitur luctus neque pulvinar a. Sed ut fermentum justo. Orci varius natoque penatibus et magnis dis parturient montes, nascetur ridiculus mus. Phasellus sit amet gravida nunc. Quisque congue enim vitae nunc ullamcorper, vitae dapibus felis elementum. Morbi vehicula massa nec pellentesque efficitur. Quisque ultricies ut libero quis tincidunt. Morbi congue turpis eget enim pulvinar finibus. Donec ac ornare odio. Sed et dictum risus. Sed a blandit nisl. Proin mollis ligula non varius aliquam. Proin eu turpis gravida, suscipit turpis sed, blandit mauris. Vestibulum malesuada rhoncus sollicitudin."
"Integer eget velit volutpat, tincidunt quam id, commodo nunc. Quisque sagittis nibh condimentum, venenatis sem sit amet, tristique magna. Donec convallis dapibus ornare. Sed luctus non arcu nec consectetur. Integer feugiat facilisis elit at pellentesque. Praesent nunc velit, fringilla ut placerat eget, mollis ut enim. Aliquam odio mauris, vestibulum non ipsum non, posuere aliquet orci."
"Donec faucibus lacus sed dui dictum consequat. Maecenas porta velit nec massa pulvinar, quis feugiat lorem pretium. Donec justo ipsum, volutpat ut mi sit amet, imperdiet rutrum ante. Curabitur hendrerit mi placerat enim placerat, ut pharetra dui feugiat. Aliquam sit amet commodo urna. Pellentesque ullamcorper porta felis ac rutrum. Nam consectetur velit sed nunc iaculis, at efficitur velit consequat. Aliquam erat volutpat. Fusce sit amet eros sed nunc tincidunt accumsan nec a orci. Fusce sit amet euismod dolor, non maximus augue. Suspendisse sagittis vulputate augue id malesuada. In malesuada at ipsum at malesuada. Morbi pellentesque quis magna eleifend consectetur. Maecenas tincidunt efficitur mauris ut aliquet. Integer in semper metus. Phasellus convallis, orci id pharetra scelerisque, nunc orci hendrerit enim, nec bibendum dolor turpis faucibus odio."
"Vivamus in massa et arcu pulvinar mattis at ac quam. Mauris ac eleifend lectus, et volutpat ante. Phasellus purus est, ullamcorper non dapibus at, cursus non libero. Phasellus eget magna quam. Nunc blandit tellus nec turpis pharetra, et malesuada orci eleifend. Maecenas mattis libero dictum ullamcorper condimentum. Sed sollicitudin sagittis diam vel pellentesque. Aliquam nec dolor sed nulla eleifend dapibus eu vitae nunc. Nam ut lectus vel enim fringilla hendrerit in ut dui. Cras ornare hendrerit sapien, at auctor ex mattis id. Proin purus mi, accumsan eu lectus euismod, condimentum mollis magna. Morbi et venenatis lorem, in hendrerit sapien. Sed eu ante cursus, elementum nibh id, iaculis massa. Pellentesque in elementum velit."
"Sed scelerisque vestibulum porta. Duis a egestas magna, sed tincidunt mi. Morbi a lorem tortor. Donec sodales eros vitae nisi varius ultricies. Donec nunc arcu, tristique ac velit eget, mattis vestibulum ante. Curabitur mattis, arcu ac lobortis vulputate, enim erat posuere enim, vitae suscipit sem orci ut ligula. Morbi malesuada gravida lectus, ac fringilla nisi congue nec. Curabitur tempor erat ac lacus efficitur, non scelerisque diam ornare. In iaculis viverra commodo. In mollis sagittis massa at congue. Etiam laoreet nisi quis eros aliquam rhoncus. Duis ac condimentum lectus."
"Suspendisse pharetra, orci in porttitor euismod, dui urna fringilla libero, at malesuada libero nunc et est. Aenean a fringilla tortor, sit amet sollicitudin lectus. In at blandit dui, sodales dictum massa. Sed eu condimentum massa, tempus porta massa. In interdum nisl sed congue malesuada. Nunc varius volutpat tellus, et viverra risus dapibus tincidunt. Proin volutpat tempor consequat. Integer molestie mollis velit, iaculis venenatis massa euismod tincidunt. Pellentesque posuere dui eleifend rhoncus lobortis. Interdum et malesuada fames ac ante ipsum primis in faucibus. Cras semper ac augue sit amet sodales. Lorem ipsum dolor sit amet, consectetur adipiscing elit."
"Aliquam et ultricies sapien, quis sodales ex. Praesent eget justo massa. Morbi tincidunt lacus quis sollicitudin posuere. Quisque et magna ut libero ultrices ultricies. Pellentesque condimentum, nisl sit amet dignissim tempor, enim ligula consequat eros, eu sodales metus massa at nisi. Mauris tempus, justo ut ullamcorper tristique, erat nulla mollis dolor, vitae pulvinar nisl massa sit amet arcu. Ut neque dolor, commodo non mi id, lobortis iaculis elit. Vivamus at leo accumsan orci pellentesque pretium sit amet at erat. In hac habitasse platea dictumst. Vivamus vel augue vitae tortor posuere bibendum. In venenatis hendrerit semper. Morbi feugiat suscipit ligula, in vulputate magna ultrices quis. Nulla sed quam diam. Nam nulla nisi, pharetra tincidunt varius quis, lobortis vitae nisi. Cras luctus sit amet justo eget vestibulum."
"Integer tincidunt ante quis hendrerit semper. Sed at nulla vulputate, commodo velit a, vulputate orci. Donec vel purus sit amet nisi fringilla dictum. Aliquam nec mollis nisl. Mauris euismod dolor erat, ac auctor metus tristique sit amet. Donec quis leo mauris. Etiam placerat commodo quam sit amet fermentum. Pellentesque feugiat odio id lectus pharetra, eu consequat orci pulvinar. Suspendisse non libero ligula. Nam id libero nec turpis aliquam rhoncus eget ut ex. Maecenas ut vestibulum sapien. Quisque auctor vel metus et lacinia. Aliquam sapien dui, posuere nec enim vitae, dignissim semper urna."
"Maecenas egestas, dui ac iaculis vehicula, orci nisi molestie metus, id interdum felis neque quis ipsum. Vivamus lorem ex, dictum a sem sed, porttitor fermentum risus. Etiam volutpat id arcu a consequat. Donec a suscipit enim. Aliquam erat volutpat. Sed ac iaculis nisi, ac lacinia ipsum. Proin dapibus congue est vitae consectetur. Phasellus tempor, est ut suscipit ultricies, mi arcu auctor eros, eget congue lorem odio non lorem. Etiam ut ligula sed purus molestie auctor. Sed quis diam non urna lobortis malesuada. Sed vel faucibus nulla, a pharetra purus. Suspendisse egestas ipsum et odio ultrices, quis dictum urna mattis. Vestibulum diam odio, porttitor id nisl a, convallis ultrices lacus. Proin congue lorem erat. Fusce risus risus, placerat sed fringilla auctor, finibus sit amet elit. Donec tincidunt vehicula tellus ullamcorper ullamcorper."
"Class aptent taciti sociosqu ad litora torquent per conubia nostra, per inceptos himenaeos. Mauris ligula massa, semper eu sapien eu, viverra placerat ipsum. Ut tincidunt leo eu aliquet imperdiet. Nulla tincidunt diam eget tellus convallis condimentum. Ut dapibus urna a nunc cursus condimentum non ut ante. Maecenas quis eros facilisis, vestibulum massa at, aliquet ligula. Maecenas pulvinar venenatis quam, eget tincidunt ipsum elementum quis. Phasellus iaculis elementum diam, sit amet lacinia diam semper sit amet. Ut a risus sit amet est efficitur porttitor. Phasellus condimentum nisi sed sollicitudin aliquam. Cras malesuada ligula justo, eget iaculis odio lobortis quis. Quisque efficitur nulla augue, eget tempus purus eleifend non. Suspendisse quis porta odio, eu imperdiet arcu. Nulla elementum vel erat eget elementum."
"Maecenas convallis felis hendrerit ipsum feugiat scelerisque. Morbi laoreet orci leo. Interdum et malesuada fames ac ante ipsum primis in faucibus. Sed semper ligula in nunc semper, ut tempor ipsum volutpat. Vivamus at nibh condimentum, pulvinar turpis fringilla, auctor lacus. Suspendisse rutrum felis eu purus auctor, eu finibus risus condimentum. Suspendisse potenti. Suspendisse vehicula sapien id nunc varius, eu vulputate dolor rhoncus. Vivamus vulputate, diam ac gravida ultrices, diam dui rhoncus eros, at varius tellus justo at mauris. Fusce mattis accumsan mauris, eget luctus risus mollis id. Curabitur fermentum facilisis feugiat. Etiam eget dictum sem. Mauris consequat eu metus ac rhoncus. Sed facilisis elementum tristique. Maecenas vulputate nisi eget justo tincidunt sollicitudin. Etiam a orci tellus."
"Ut molestie magna lectus, quis pretium nisl dictum quis. Suspendisse quis elit et nulla venenatis posuere. Nam vitae purus et ligula iaculis porta nec eu ante. Phasellus id leo eget nunc sollicitudin laoreet. Pellentesque nec tristique mi, in laoreet enim. Aenean eu finibus dui, ac suscipit ipsum. Phasellus iaculis sem libero, eu lacinia erat hendrerit a. Sed ac augue tellus. Pellentesque in ornare turpis."
"Nulla vel lacus et dolor ultrices semper vitae sed sapien. Proin facilisis pulvinar mattis. Quisque maximus erat eget gravida sagittis. Vivamus placerat eget nisi at sollicitudin. Cras imperdiet sit amet arcu et congue. Praesent eget varius leo. Sed tincidunt, metus sit amet posuere vehicula, lorem turpis dictum nulla, eget laoreet nibh quam eget justo. Proin ut odio eget purus ultrices sagittis. Sed pharetra elit leo, a tempor odio viverra eu. Curabitur ut quam quis lorem venenatis auctor finibus in mi. Suspendisse potenti."
"Nunc nec nulla vel urna volutpat feugiat. Praesent maximus quam vitae dolor ornare, sed dapibus nunc tincidunt. Morbi non diam vitae turpis fermentum commodo in venenatis velit. Sed iaculis eros at interdum semper. Suspendisse at consectetur nunc. Cras ultrices non quam non pharetra. Duis pretium, augue id dignissim blandit, libero ex maximus metus, eu molestie ipsum tortor ut tellus. Suspendisse dui purus, placerat at quam in, eleifend convallis magna. Sed sed magna vehicula, pulvinar nunc vel, elementum quam. Nullam ligula velit, imperdiet a tellus in, aliquam luctus orci."
"Pellentesque at posuere justo. Duis velit magna, tincidunt id congue sed, ultricies fermentum metus. Donec vestibulum ultrices bibendum. Morbi tempus hendrerit risus, non porta augue suscipit in. Vivamus sed diam accumsan, suscipit magna sed, porttitor ex. Donec dignissim sodales nulla eget viverra. Quisque at purus in felis malesuada tempus non ut urna. Duis non luctus ex."
"Vivamus bibendum ex hendrerit lacus ullamcorper vulputate. Aenean justo felis, mollis non nisl sed, consequat bibendum tortor. Vivamus commodo ultrices erat, a semper lectus pulvinar et. Lorem ipsum dolor sit amet, consectetur adipiscing elit. Praesent euismod a arcu volutpat consequat. Mauris risus dolor, dapibus quis interdum eget, tincidunt nec eros. Nulla id mauris ut est semper varius. Etiam aliquet dictum nisi ac porta. Ut vestibulum at quam in porttitor. Vivamus sit amet odio mi. Mauris eu pellentesque neque."
"Maecenas convallis egestas nisi nec ultrices. Maecenas risus diam, bibendum eu tristique vel, fringilla sed libero. Vivamus pharetra risus sit amet mi vehicula, vel tincidunt neque porttitor. Fusce placerat molestie odio et finibus. Curabitur urna arcu, finibus in convallis et, tempor quis risus. Vestibulum euismod aliquam ligula id posuere. Nullam id efficitur orci. Suspendisse lectus dolor, lacinia ut varius a, gravida id elit. Nullam dolor risus, placerat id est vitae, ornare interdum arcu."